Deformacion;Fuerza
0;-4,272168159
0;-4,766872883
0;-4,995326996
-4,62856E-06;-5,113476276
0,000357633;-3,734324217
0,000791947;-2,609407187
0,001372831;-1,248160601
0,002125126;0,273886651
0,003018438;1,569197655
0,004114481;2,713698864
0,006066345;3,988128185
0,01006897;5,050297737
0,015243701;6,189851284
0,020086409;7,392000675
0,025549806;8,754052162
0,030214779;9,84533596
0,035187395;10,93167496
0,040466887;12,06238937
0,046248881;13,14810658
0,052311987;14,57624817
0,05881743;16,01449013
0,063366531;17,11050224
0,068009287;18,23659325
0,072928211;19,24918938
0,077987539;20,34647942
0,083154704;21,52930641
0,088586473;22,6353302
0,094107118;23,78483391
0,099781888;25,02647018
0,105705055;26,24350548
0,111694102;27,43377113
0,117958083;28,76780319
0,124316496;30,17426872
0,130917901;31,63149261
0,137620829;33,11713028
0,144492384;34,71526718
0,151548471;36,3613205
0,1588025;37,98232269
0,16618908;39,56155777
0,173798425;41,31066895
0,181480449;43,07909393
0,189396518;44,85975266
0,197446043;46,70624542
0,205725;48,63415527
0,214066428;50,61089325
0,222451851;52,51771545
0,230872588;54,51586533
0,235076091;55,55316544
0,239253359;56,57790375
0,243497129;57,57932281
0,247740145;58,63685226
0,256160882;60,54305649
0,260396628;61,55221558
0,268756118;63,54744339
0,272988003;64,57293701
0,277201997;65,57837677
0,281384991;66,65214539
0,289839364;68,59299469
0,294028215;69,69462585
0,29825963;70,78431702
0,302519615;71,87078857
0,306681929;72,95161438
0,310855958;73,96200562
0,315098955;74,9983902
0,319330389;76,00154114
0,323519861;77,04390717
0,327744477;78,16996765
0,33197915;79,3188324
0,336174951;80,35076141
0,340421979;81,3549881
0,344658158;82,41307831
0,348837913;83,50610352
0,35300825;84,67632294
0,357251398;85,75078583
0,361462793;86,89587402
0,365652566;87,99957275
0,369885996;89,08171082
0,374117731;90,18713379
0,378297335;91,41010284
0,382529673;92,64286041
0,386768037;93,82276917
0,390950729;95,00588226
0,395134928;96,22257996
0,399366362;97,49465179
0,403580657;98,72244263
0,407766438;99,95015717
0,41201437;101,2327957
0,416239777;102,4751892
0,420428797;103,6289978
0,424662528;104,8599472
0,42892112;106,0770798
0,433096844;107,3188629
0,437262247;108,5265198
0,441502005;109,740509
0,445729257;110,9529343
0,449912703;112,1514053
0,454133514;113,3536301
0,458363554;114,5638046
0,462550993;115,8454514
0,466786457;117,1128235
0,471020188;118,3875885
0,475199942;119,6800995
0,479387682;120,9385223
0,483636555;122,2397537
0,487850097;123,5932312
0,492031057;124,9841537
0,496264185;126,3354721
0,500504282;127,6565552
0,504704678;128,9321747
0,508941046;130,2376862
0,513181595;131,5224762
0,517366887;132,8366241
0,521537224;134,1523895
0,52576587;135,3951721
0,529986795;136,6230316
0,534172425;137,8748627
0,538409094;139,113205
0,542616609;140,4626007
0,546809321;141,8596802
0,551044446;143,2278137
0,555304582;144,6362915
0,559468441;145,9791565
0,563633957;147,3828888
0,56787944;148,8182068
0,572107484;150,27034
0,576300949;151,720993
0,580526356;153,1526337
0,584758731;154,5164948
0,588961462;155,8214722
0,593203669;157,2210083
0,597440979;158,6380463
0,601613614;160,0746918
0,605795364;161,4524384
0,610034218;162,8267517
0,614237703;164,1720276
0,618429021;165,5340118
0,622667875;166,9420471
0,626897425;168,4087067
0,631082114;169,9392853
0,63531464;171,3737793
0,639549124;172,7899323
0,643728765;174,2274628
0,647915262;175,7522736
0,652151178;177,2966003
0,656357337;178,8258972
0,660548278;180,3424988
0,664794741;181,8867493
0,669018604;183,4104614
0,673207586;184,8966217
0,677443804;186,4277496
0,681705936;187,9417572
0,685876537;189,4737549
0,690040132;190,9307251
0,69427989;192,3643951
0,698517313;193,8867798
0,702696276;195,3735199
0,706912304;196,9104004
0,711149877;198,4583588
0,715343832;200,0243835
0,719578995;201,5873108
0,723811295;203,1708984
0,727987019;204,7533417
0,732167112;206,3887329
0,736413047;208,0057831
0,740621014;209,6436157
0,744809545;211,3168793
0,749054576;212,8942108
0,753294636;214,4676819
0,757479776;216,0238647
0,761714412;217,6044769
0,765960498;219,1918182
0,770144735;220,7941895
0,77431074;222,3499756
0,778539273;223,9563904
0,782759445;225,4925232
0,786954906;227,0572968
0,791190822;228,6548004
0,795412349;230,2260132
0,799588073;231,8948822
0,80381736;233,530304
0,808086272;235,1681824
0,812254914;236,8210449
0,816420468;238,4980621
0,820661281;240,1638031
0,824884691;241,8565063
0,829076687;243,572525
0,833311323;245,2840881
0,837541363;247,0155945
0,841739461;248,6504669
0,845985698;250,3040771
0,850214231;252,0136414
0,854389352;253,6977692
0,858575698;255,4073486
0,862824421;257,1214905
0,86702282;258,8319397
0,871206304;260,4898987
0,875448171;262,2271729
0,87968145;263,9940491
0,883863352;265,8534241
0,88809422;267,6721802
0,892327952;269,4525146
0,896512942;271,2104797
0,900694089;273,00177
0,90492993;274,8113708
0,909139931;276,6479797
0,913327106;278,5444336
0,917575829;280,3890381
0,921800445;282,1872253
0,925991009;283,9303284
0,930221652;285,7385254
0,934487024;287,5535583
0,938657851;289,4322815
0,942822576;291,2597351
0,947067908;293,1068726
0,951297948;294,9923401
0,955479548;296,8146057
0,959697384;298,6584778
0,963927123;300,5336304
0,968124769;302,4720154
0,972356993;304,3959351
0,976585451;306,3256531
0,980762757;308,25
0,984950986;310,2409058
0,98919647;312,2487793
0,993404136;314,1898193
0,997589879;316,197998
1,001836266;318,2361755
1,006078059;320,2817383
1,010263953;322,2390747
1,014497081;324,2137451
1,01874377;326,2521667
1,022925973;328,25
1,027104634;330,2383728
1,031328196;332,1882019
1,035542039;334,1458435
1,039731549;336,1151123
1,043973491;338,0675964
1,048188841;340,0489807
1,052372324;342,0862122
1,056600782;344,1264343
1,060856587;346,0700378
1,065031406;348,0805664
1,069205397;350,0952454
1,073441615;352,1520996
1,077666607;354,2213745
1,081855439;356,2736816
1,086087815;358,3357849
1,090327724;360,3724365
1,094522281;362,408905
1,098765278;364,4780579
1,102996222;366,64151
1,107167953;368,8063354
1,111352943;370,8864746
1,115607241;372,9737549
1,119809181;375,0795593
1,123988898;377,1834106
1,12822406;379,2929382
1,132457038;381,4177856
1,136642932;383,5695496
1,140882238;385,6835938
1,145112128;387,7895508
1,149289434;389,8618469
1,153480525;391,9871216
1,157711846;394,1268921
1,1619226;396,2586365
1,166119644;398,4421692
1,170361662;400,5865173
1,174576334;402,7035522
1,178774281;404,7817993
1,183010499;406,9184875
1,187266755;409,0263367
1,191436603;411,1790466
1,195596732;413,3735046
1,199838976;415,4786987
1,204071954;417,5935059
1,20825604;419,6844788
1,212467699;421,8271484
1,216694499;424,0427856
1,220904199;426,3094482
1,225138081;428,5224304
1,229372867;430,7038269
1,233560644;432,9628906
1,237737498;435,238678
1,241981399;437,5712891
1,246189065;439,9083252
1,25036848;442,2471924
1,254619086;444,5689087
1,258856811;446,8742676
1,263043533;449,1512756
1,267279751;451,442749
1,271521844;453,8396912
1,275712559;456,0975952
1,279883537;458,3238831
1,284109358;460,5322266
1,288322975;462,7966614
1,292506458;465,0583801
1,296753825;467,3438416
1,30097362;469,5941162
1,305159664;471,9402466
1,309387143;474,2827148
1,313646262;476,5798645
1,317813322;478,9541931
1,321985807;481,3555908
1,32621886;483,8066406
1,330449201;486,2591858
1,334638109;488,6877136
1,338864985;491,1177063
1,343098189;493,5787659
1,347302464;496,0189209
1,351545612;498,4500732
1,35578183;500,8943481
1,359951602;503,2969971
1,364134784;505,7333069
1,368382151;508,1485901
1,372588536;510,5737305
1,376777142;513,0477295
1,381005976;515,520752
1,385238879;518,0136719
1,389425526;520,5456543
1,393657224;523,0939331
1,397896304;525,6817017
1,402078883;528,2766113
1,40625423;530,8997192
1,410486831;533,5480957
1,414700448;536,1369019
1,41890156;538,7802124
1,423136723;541,418396
1,427361791;544,057251
1,431554013;546,5909424
1,435784655;549,1776733
1,440047692;551,7177124
1,444217765;554,2741089
1,448386332;556,7835083
1,452624207;559,2567139
1,456855151;561,7913818
1,461037128;564,2675781
1,465267017;566,7838745
1,469491783;569,3744507
1,473676321;572,0650024
1,477908471;574,6697388
1,482150564;577,3249512
1,486328925;579,9927979
1,490509244;582,7116699
1,494741996;585,5031738
1,498952901;588,2580566
1,503145725;591,0268555
1,507402434;593,8168945
1,511644829;596,5125732
1,515829969;599,1901245
1,520067693;601,9632568
1,524306924;604,722168
1,528492818;607,510376
1,532663946;610,2527466
1,536894137;612,9835205
1,541108357;615,7655029
1,545292744;618,5576172
1,549541015;621,2705688
1,553749509;624,0580444
1,55793917;626,8898926
1,562171922;629,7530518
1,566425316;632,5910034
1,570592828;635,4246216
1,574758381;638,2901611
1,578996859;641,1918335
1,583230364;644,078064
1,587421531;647,0252686
1,591647654;650,0404663
1,595879201;652,999939
1,600085736;655,8916016
1,604325268;658,7603149
1,608566759;661,7173462
1,612741805;664,7026978
1,616916851;667,6124878
1,62116015;670,4898682
1,625363672;673,3829346
1,629559661;676,2977905
1,633797686;679,2662354
1,63802185;682,2498169
1,642208798;685,291626
1,646439742;688,3116455
1,650678973;691,3078003
1,654862456;694,2693481
1,659038105;697,3458862
1,663272665;700,4428711
1,667484775;703,5404663
1,671677751;706,5456543
1,675924665;709,5443115
1,68014446;712,5209351
1,684333518;715,4816895
1,688562051;718,4721069
1,692819362;721,4442139
1,696998777;724,4386597
1,701168248;727,40448
1,705408232;730,3482666
1,709636464;733,3406372
1,71381362;736,3772583
1,718038235;739,3353882
1,722275809;742,3920288
1,726469839;745,4907227
1,730704098;748,5610352
1,734934288;751,6477661
1,73911069;754,7463989
1,74329794;757,8634033
1,747549074;761,0701904
1,7517535;764,2338257
1,755930806;767,4346924
1,760174556;770,6293945
1,764416499;773,7999878
1,768611132;776,9059448
1,772839515;780,0646362
1,777079499;783,2520142
1,78126931;786,3807983
1,785441945;789,5223389
1,789665356;792,6170044
1,793886807;795,7625122
1,798074057;798,9008179
1,802319014;802,1152344
1,806529165;805,2874756
1,810717168;808,4918823
1,814950674;811,7068481
1,819206177;814,8971558
1,823381675;818,1079712
1,827543461;821,3504028
1,831778624;824,6117554
1,836013787;827,8098755
1,840201037;831,0028687
1,84443183;834,2131958
1,848665788;837,425293
1,852859968;840,6862183
1,85710839;843,942688
1,861348223;847,1612549
1,865519804;850,4967651
1,869705396;853,756958
1,8739499;857,0396729
1,878144834;860,3568726
1,882326058;863,6671143
1,886574931;866,9880981
1,890810546;870,3631592
1,894988605;873,682312
1,899219398;877,022522
1,903453958;880,3745728
1,907637291;883,6878662
1,911826198;887,0527954
1,91605669;890,4140015
1,920264582;893,7415161
1,924448969;897,1060791
1,928700253;900,4162598
1,932927129;903,677063
1,937116187;906,9517822
1,941355117;910,3099976
1,945612579;913,6652222
1,949776625;916,9412842
1,953945494;920,2571411
1,958181108;923,5852051
1,962411299;926,9622192
1,966597796;930,2958984
1,970810961;933,6660156
1,975039343;937,0899658
1,979240605;940,5361938
1,983483;943,8880005
1,987723738;947,2647095
1,991903304;950,730957
1,996075336;954,1495361
2,000318635;957,5662842
2,004540388;960,9390869
2,008722816;964,321106
2,012961897;967,7858276
2,017197813;971,1862183
2,021388227;974,5178833
2,025627457;977,8543091
2,029868346;981,2849731
2,034053335;984,6861572
2,038225368;988,0593262
2,042448778;991,3994751
2,046665861;994,8027344
2,050857329;998,2601929
2,055100176;1001,637573
2,059308671;1005,053833
2,063492154;1008,640625
2,067723399;1012,179626
2,071984929;1015,622437
2,076160577;1019,064514
2,080325227;1022,573792
2,084557527;1026,147339
2,088788019;1029,68396
2,092976625;1033,231079
2,097211486;1036,748291
2,1014468;1040,258911
2,105644295;1043,691895
2,109892566;1047,182495
2,114126825;1050,758301
2,118295542;1054,338379
2,122485052;1057,844116
2,126728502;1061,265625
2,130932024;1064,815308
2,135115658;1068,319336
2,139352177;1071,87561
2,143583874;1075,495972
2,147769617;1079,143311
2,151998904;1082,781616
2,156236477;1086,379639
2,160416947;1089,974365
2,164598019;1093,654297
2,168831675;1097,361694
2,17304469;1100,978516
2,177241884;1104,625
2,181476745;1108,265137
2,185704375;1111,871948
2,189901117;1115,38147
2,194133266;1118,93457
2,198397207;1122,515747
2,202568636;1126,149658
2,206730574;1129,747559
2,210968147;1133,341431
2,215200297;1136,97522
2,219381218;1140,625854
2,223597547;1144,28772
2,227826533;1147,977295
2,232018905;1151,738281
2,236257081;1155,505249
2,240493299;1159,217285
2,244675125;1162,960571
2,248856499;1166,738647
2,253101907;1170,554565
2,257308593;1174,35791
2,261505787;1178,182495
2,265742607;1182,023682
2,269979729;1185,778442
2,274171047;1189,530151
2,278403347;1193,27002
2,282649358;1197,073486
2,286832238;1200,889893
2,29100653;1204,713867
2,295231448;1208,526245
2,299449886;1212,265869
2,303634575;1216,036621
2,307885106;1219,859497
2,312095107;1223,759766
2,316281603;1227,682373
2,320509232;1231,589233
2,324760065;1235,505005
2,328936768;1239,411987
2,333112416;1243,307007
2,337347127;1247,220581
2,341570688;1251,21228
2,345757787;1255,149414
2,349986321;1259,07666
2,354227209;1263,005127
2,358429978;1266,90686
2,362672373;1270,831665
2,366907837;1274,737061
2,371075198;1278,618896
2,37526064;1282,588135
2,379509062;1286,61377
2,383710023;1290,580688
2,387898327;1294,571655
2,392127312;1298,549561
2,396359462;1302,536133
2,400547616;1306,553223
2,404782326;1310,598511
2,4090199;1314,63916
2,413204739;1318,668091
2,417381744;1322,646362
2,421614948;1326,592285
2,425828866;1330,597168
2,430017623;1334,5979
2,434263935;1338,588623
2,438486291;1342,505493
2,442676102;1346,427124
2,446915182;1350,281006
2,451176712;1354,245117
2,455345279;1358,194214
2,459512339;1362,085571
2,463747954;1365,971069
2,467977391;1369,849854
2,472164641;1373,783813
2,476389257;1377,745483
2,480618544;1381,772705
2,484805341;1385,75708
2,489038847;1389,784912
2,493279735;1393,731201
2,497463218;1397,79126
2,501639319;1401,939453
2,505878549;1406,055542
2,51008403;1410,136719
2,514274143;1414,185791
2,51851247;1418,24585
2,522753659;1422,315308
2,526947539;1426,428223
2,531178181;1430,521484
2,535420425;1434,609131
2,539609634;1438,631958
2,543791309;1442,614014
2,548016678;1446,623291
2,552226981;1450,656006
2,556412272;1454,697021
2,56065994;1458,684204
2,564876269;1462,690308
2,569061862;1466,783936
2,573294162;1470,936035
2,577553281;1475,04126
2,581723204;1479,102905
2,585892223;1483,245483
2,590127536;1487,408325
2,59435622;1491,603882
2,598542717;1495,74939
2,602772907;1499,906006
2,60700581;1504,023315
2,611209784;1508,10437
2,615455343;1512,195801
2,619687643;1516,359497
2,623859676;1520,51001
2,628035927;1524,587769
2,632283595;1528,604126
2,636494199;1532,650024
2,640680997;1536,797974
2,644919926;1540,963989
2,649138666;1545,177246
2,653321546;1549,299316
2,657561982;1553,421875
2,661797899;1557,536865
2,665986806;1561,750366
2,670161249;1566,011353
2,674395357;1570,314575
2,678608371;1574,562012
2,682809332;1578,825562
2,687052179;1583,046631
2,69126218;1587,269897
2,69545621;1591,55542
2,699694838;1595,818726
2,703957875;1600,091187
2,708126291;1604,331909
2,712292598;1608,550537
2,716528212;1612,818481
2,72075539;1617,053589
2,724937969;1621,204224
2,729160325;1625,451538
2,733397446;1629,754272
2,737587258;1634,100952
2,741816243;1638,470093
2,746053063;1642,779907
2,750244381;1647,113892
2,754425755;1651,476563
2,758671012;1655,816528
2,762881013;1660,265747
2,767056059;1664,768188
2,771302522;1669,175415
2,775544465;1673,543823
2,779731564;1677,855469
2,783966275;1682,194824
2,788203396;1686,596924
2,792385071;1690,973022
2,796567048;1695,315186
2,80079754;1699,637085
2,805012061;1703,964111
2,809200667;1708,264404
2,81343598;1712,61853
2,817655925;1716,974243
2,82183971;1721,417603
2,826074722;1725,839478
2,830321486;1730,300171
2,83449834;1734,722656
2,838667057;1739,191406
2,842908699;1743,70752
2,847140396;1748,15979
2,85133081;1752,624268
2,85555859;1757,073486
2,85979089;1761,54541
2,863984318;1766,004028
2,86823289;1770,459473
2,872473326;1774,875488
2,876641742;1779,340088
2,880817692;1783,76709
2,885064758;1788,191895
2,889270841;1792,656494
2,893459749;1797,092285
2,897693254;1801,568604
2,901927965;1806,06897
2,906106928;1810,540771
2,910343748;1815,000977
2,914585992;1819,472412
2,918767969;1823,947388
2,922948137;1828,43689
2,927173506;1832,963623
2,931384713;1837,473633
2,935577537;1842,04187
2,939824;1846,560547
2,944054191;1851,037598
2,948241893;1855,504517
2,95247359;1859,988403
2,956736627;1864,467773
2,960909563;1868,940186
2,965077678;1873,46582
2,969314498;1877,955322
2,973539566;1882,455322
2,977717625;1886,959595
2,981940885;1891,534424
2,986172883;1896,117798
2,990363599;1900,747925
2,99459831;1905,366699
2,998832116;1910,003784
3,003016805;1914,621582
3,007197275;1919,229126
3,011447655;1923,884155
3,015657355;1928,518066
3,019834811;1933,12085
3,024076754;1937,740479
3,028322915;1942,305786
3,03251574;1946,916626
3,036750451;1951,539917
3,040996612;1956,195435
3,045175575;1960,851563
3,049348813;1965,473022
3,053579305;1970,071289
3,057800154;1974,727417
3,061983939;1979,424194
3,066219252;1984,059326
3,070436787;1988,736084
3,074621174;1993,432129
3,078853775;1998,13501
3,08311651;2002,785156
3,087278599;2007,49231
3,091447316;2012,218384
3,09568263;2016,916992
3,099908601;2021,631958
3,104104138;2026,356567
3,108337342;2031,136963
3,112571149;2035,899536
3,116766384;2040,581543
3,121014053;2045,300415
3,125254187;2050,040527
3,129423206;2054,796387
3,133601868;2059,5271
3,137849838;2064,304688
3,142053511;2069,089844
3,1462385;2073,842285
3,150478033;2078,583252
3,154712141;2083,404541
3,158889296;2088,229004
3,163124006;2092,998291
3,167360224;2097,799072
3,171543707;2102,61084
3,175730204;2107,469971
3,179960696;2112,39502
3,184170094;2117,19751
3,188357495;2122,0354
3,192606368;2126,864014
3,196832641;2131,647217
3,201021549;2136,454102
3,205253246;2141,32251
3,209506941;2146,156982
3,213684398;2150,969971
3,217852512;2155,786133
3,222094757;2160,540527
3,226320126;2165,412354
3,230504212;2170,207275
3,234725061;2175,031982
3,238956156;2179,877441
3,243162239;2184,796387
3,247388512;2189,719482
3,251616594;2194,664795
3,255795557;2199,631348
3,259981752;2204,540283
3,2642249;2209,458984
3,268429176;2214,368408
3,272618987;2219,363037
3,276859423;2224,365967
3,281095038;2229,30249
3,285286657;2234,172363
3,289532216;2239,026611
3,293772954;2243,946777
3,297956738;2248,818604
3,302127866;2253,679932
3,306347209;2258,506104
3,310575592;2263,371338
3,31476691;2268,282471
3,319005839;2273,19043
3,323223373;2278,182373
3,327408363;2283,159912
3,331634335;2288,200928
3,335890742;2293,171143
3,340062775;2298,156006
3,344232999;2303,216309
3,348466806;2308,271729
3,352698202;2313,281738
3,356881685;2318,312988
3,361116697;2323,366943
3,365356229;2328,361084
3,36955508;2333,32959
3,373792202;2338,220703
3,378029022;2343,122559
3,382204972;2348,094971
3,386388756;2353,073242
3,390632808;2358,029053
3,394829852;2363,042725
3,399012431;2367,912354
3,403256785;2372,778076
3,407493303;2377,776611
3,411677389;2382,852295
3,415909991;2387,937256
3,420138976;2393,023438
3,424322459;2398,010986
3,428502628;2403,034424
3,432742461;2408,156982
3,436952462;2413,247559
3,441141972;2418,41748
3,445383011;2423,52002
3,449609284;2428,499512
3,453801205;2433,449219
3,458036518;2438,45874
3,462298952;2443,554443
3,466462547;2448,675049
3,470627347;2453,6875
3,474868386;2458,690186
3,479097974;2463,661865
3,483280553;2468,656982
3,487506826;2473,738525
3,491744249;2478,85376
3,495934964;2483,987793
3,500167264;2489,133545
3,504397154;2494,189209
3,508586965;2499,27417
3,512762011;2504,430664
3,517010583;2509,599609
3,521223296;2514,812012
3,525416422;2519,994629
3,529652338;2525,158203
3,533887049;2530,33667
3,538070231;2535,487061
3,542307352;2540,553467
3,546554719;2545,692627
3,55074001;2550,888916
3,554913549;2556,040283
3,559138014;2561,167725
3,563345303;2566,250732
3,56753632;2571,387207
3,57178218;2576,520508
3,575996701;2581,665283
3,580184102;2586,859863
3,584414594;2592,13916
3,58866859;2597,34668
3,592847553;2602,516357
3,597014162;2607,776367
3,60125279;2613,060791
3,605479063;2618,397217
3,60966797;2623,692139
3,613901777;2628,936279
3,618134077;2634,183838
3,62233564;2639,400391
3,626574871;2644,610107
3,630811691;2649,846436
3,634983724;2655,094238
3,639161783;2660,320068
3,643409752;2665,533203
3,647612521;2670,67749
3,651798415;2675,843994
3,656031921;2681,085693
3,660266029;2686,354736
3,664463675;2691,682129
3,668696276;2696,998779
3,67292496;2702,335693
3,677104224;2707,635742
3,68128379;2712,95166
3,685523624;2718,210938
3,689732118;2723,589111
3,693930668;2728,946777
3,698168995;2734,334473
3,702384119;2739,633057
3,706580559;2744,880859
3,710820996;2750,085449
3,715080717;2755,326172
3,719247627;2760,634033
3,723413331;2765,914307
3,727650151;2771,238281
3,731887574;2776,46875
3,736063222;2781,730713
3,740273223;2786,954834
3,744495579;2792,259521
3,748702868;2797,546143
3,752954454;2802,845459
3,757192479;2808,082031
3,761371141;2813,394775
3,7655492;2818,702637
3,76979265;2824,00293
3,773994514;2829,292725
3,77818523;2834,564209
3,782430789;2839,877441
3,786664897;2845,143555
3,790853804;2850,465576
3,795090021;2855,776367
3,799330458;2861,118652
3,803517256;2866,338379
3,807693808;2871,580322
3,811925505;2876,86377
3,816136712;2882,200439
3,820318989;2887,51416
3,824566356;2892,755371
3,828787808;2898,055908
3,832965867;2903,381104
3,837200578;2908,781494
3,84144915;2914,111084
3,845623292;2919,44873
3,849795324;2924,831787
3,854031542;2930,215088
3,858260226;2935,633057
3,862452146;2941,059814
3,866679022;2946,521729
3,870914336;2951,925781
3,87511831;2957,258301
3,879367184;2962,600586
3,883597676;2968,003906
3,887760366;2973,388184
3,891944452;2978,743164
3,896191518;2984,046631
3,900399108;2989,380615
3,904585605;2994,72876
3,908821521;3000,109619
3,913045383;3005,547607
3,917228866;3011,036621
3,921469604;3016,43457
3,925708835;3021,916504
3,929887798;3027,41333
3,934063446;3032,906982
3,938298458;3038,404785
3,942513281;3043,869873
3,946711529;3049,42041
3,950953171;3054,94458
3,955174321;3060,424316
3,959359613;3065,820313
3,963596131;3071,291016
3,967864893;3076,741455
3,972039336;3082,210205
3,976196;3087,688721
3,98043041;3093,178711
3,984664819;3098,665527
3,988849809;3104,089111
3,993077288;3109,53125
3,997300548;3115,07373
4,001477401;3120,690918
4,005710907;3126,279541
4,009957068;3131,787842
4,014142058;3137,289551
4,018320419;3142,841797
4,022552116;3148,516602
4,026771458;3154,139648
4,030966091;3159,751221
4,035214965;3165,335693
4,0394551;3170,831299
4,043639487;3176,347412
4,047877211;3181,95874
4,052113127;3187,655273
4,056296912;3193,356201
4,060471957;3199,011963
4,064696121;3204,572021
4,068911546;3210,199219
4,073106179;3215,862793
4,077352039;3221,540039
4,081565957;3227,271484
4,085750646;3233,026123
4,089983247;3238,738037
4,094235436;3244,395508
4,098402345;3250,064453
4,102576487;3255,755371
4,106822347;3261,480957
4,111050127;3267,217529
4,115233309;3272,905273
4,119459582;3278,634521
4,123687362;3284,298828
4,127893144;3289,939209
4,132140511;3295,572754
4,136380044;3301,286621
4,140550871;3306,99585
4,144722601;3312,682861
4,148968763;3318,288574
4,153173039;3323,91748
4,157364357;3329,617676
4,161607806;3335,273682
4,165837997;3341,006104
4,170010029;3346,700684
4,17424474;3352,370117
4,178486984;3357,959473
4,18267107;3363,606934
4,186848526;3369,302734
4,191077512;3375,067627
4,195295046;3380,790527
4,199486665;3386,458252
4,20373343;3392,183105
4,207956991;3397,813477
4,212146199;3403,46875
4,216383924;3409,243408
4,220644248;3415,016602
4,224817486;3420,694824
4,22898771;3426,368408
4,233213983;3432,03833
4,237441161;3437,674805
4,241623137;3443,312012
4,245847602;3448,936279
4,25008623;3454,693604
4,254276644;3460,51001
4,258511355;3466,204834
4,262743052;3471,890869
4,266923824;3477,656738
4,271104595;3483,400879
4,275349551;3489,151611
4,279558648;3494,977051
4,283736707;3500,837158
4,287979252;3506,69043
4,292223907;3512,455322
4,296421855;3518,113281
4,300645115;3523,858643
4,304885852;3529,750244
4,309075061;3535,596191
4,313251312;3541,391846
4,317490844;3547,167969
4,32170205;3552,971191
4,325885232;3558,796875
4,330120546;3564,626709
4,334344709;3570,479492
4,338532713;3576,366455
4,342769533;3582,227539
4,347022927;3588,022949
4,351190439;3593,901123
4,355356444;3599,766602
4,359598387;3605,641846
4,363824058;3611,529053
4,368017485;3617,379395
4,372247374;3623,265625
4,376473949;3629,148193
4,380669486;3635,050781
4,384915045;3640,854248
4,389154275;3646,672119
4,393330225;3652,476807
4,397513407;3658,373047
4,401753843;3664,293457
4,405955105;3670,143311
4,410144013;3676,014404
4,414377518;3681,845215
4,41861705;3687,719482
4,422793301;3693,667725
4,427028916;3699,647217
4,431266339;3705,564209
4,435455849;3711,504395
4,439632702;3717,425049
4,44386681;3723,355469
4,448071387;3729,256104
4,452262404;3735,156982
4,456510374;3741,090576
4,460741167;3746,943359
4,464930376;3752,744873
4,469165689;3758,615967
4,473422699;3764,513184
4,47758991;3770,352783
4,481761038;3776,156006
4,485992735;3781,989014
4,490211475;3787,977295
4,494403396;3793,92041
4,498615205;3799,775391
4,502855641;3805,734131
4,507057204;3811,730469
4,5112886;3817,770508
4,515529338;3823,806152
4,519703781;3829,836426
4,523883949;3835,905762
4,528132522;3842,012939
4,53234644;3848,016357
4,536529321;3854,092529
4,540770359;3860,303467
4,545007179;3866,426758
4,549198497;3872,490479
4,553437126;3878,527344
4,557682383;3884,633057
4,56186225;3890,801025
4,566034885;3896,956055
4,570260556;3902,984375
4,57447809;3909,050049
4,578669408;3915,142578
4,582914364;3921,212891
4,58713431;3927,309082
4,591306342;3933,420654
4,595534423;3939,558105
4,599793844;3945,682129
4,603973711;3951,787354
4,608143332;3957,947754
4,612371715;3964,166748
4,616597988;3970,302979
4,620786896;3976,411865
4,625021004;3982,578369
4,629251797;3988,755615
4,633451251;3994,999023
4,637690181;4001,120605
4,641931219;4007,213867
4,64610747;4013,237061
4,650291556;4019,236572
4,654537115;4025,291992
4,658736871;4031,427734
4,662925778;4037,55835
4,667169228;4043,60791
4,671394898;4049,654053
4,675580792;4055,743896
4,679811585;4061,889648
4,684042981;4068,011719
4,688229478;4074,182617
4,692412057;4080,361816
4,696652795;4086,554199
4,700868822;4092,76123
4,705048991;4098,949707
4,709290934;4105,109863
4,713510879;4111,304688
4,71771425;4117,397949
4,721952878;4123,57666
4,726211395;4129,758789
4,73037288;4135,919922
4,734537078;4142,068359
4,73877661;4148,167969
4,743005294;4154,304688
4,747180641;4160,444336
4,751398477;4166,625488
4,755631379;4172,787598
4,759825108;4179,004883
4,764063435;4185,153809
4,768304474;4191,37207
4,772483136;4197,654297
4,776671139;4204,012695
4,780914588;4210,316406
4,785124288;4216,540527
4,789313497;4222,839355
4,793553631;4229,091797
4,797795273;4235,336426
4,801977551;4241,507813
4,806219795;4247,666992
4,810465053;4253,851563
4,814651549;4259,989258
4,818825088;4266,090332
4,82304654;4272,268555
4,827256842;4278,421387
4,831446654;4284,606445
4,835695226;4290,803223
4,839907035;4297,111816
4,844088107;4303,480469
4,848315887;4309,892578
4,852575308;4316,210449
4,856744025;4322,527832
4,860919674;4328,899414
4,865158905;4335,306152
4,869381562;4341,789063
4,873569565;4348,180176
4,877800358;4354,532227
4,882034466;4360,79541
4,886234523;4367,112305
4,890478575;4373,455078
4,894713587;4379,856934
4,898882908;4386,244629
4,903069404;4392,549316
4,907323702;4398,806641
4,911526772;4405,08252
4,915704831;4411,394531
4,91994135;4417,760742
4,924178471;4424,133789
4,928365571;4430,433105
4,932603596;4436,714844
4,936831075;4442,984863
4,941013654;4449,34082
4,945188097;4455,669434
4,949427328;4461,959961
4,953640041;4468,269531
4,957833769;4474,590332
4,962076014;4480,95166
4,966291439;4487,261719
4,970482455;4493,552734
4,974725302;4499,88916
4,978985627;4506,242676
4,983155851;4512,607422
4,987314323;4518,929199
4,991553253;4525,349609
4,995785251;4531,706055
4,999971748;4538,038086
5,004198624;4544,42041
5,008429417;4550,891113
5,012613202;4557,411621
5,016847912;4563,85498
5,021092266;4570,294434
5,025277256;4576,6875
5,02945411;4583,207031
5,033688218;4589,700195
5,037893698;4596,181641
5,042086824;4602,681152
5,046337807;4609,13916
5,050567395;4615,601074
5,054754495;4621,989746
5,058989808;4628,393066
5,063229642;4634,805664
5,067421864;4641,253906
5,071602635;4647,667969
5,075834031;4654,063965
5,08004373;4660,479004
5,084226912;4666,875
5,088473375;4673,22998
5,092685485;4679,665039
5,096876502;4686,207031
5,101101871;4692,751953
5,105347732;4699,271484
5,109520065;4705,719238
5,113694207;4712,189453
5,117938259;4718,679199
5,122166642;4725,21582
5,126358261;4731,766602
5,130587246;4738,308105
5,134819848;4744,770996
5,13902111;4751,187012
5,143267573;4757,590332
5,147502585;4764,019531
5,151667084;4770,521973
5,155853279;4776,953613
5,16010155;4783,310059
5,164308839;4789,663086
5,168494431;4795,953613
5,172725225;4802,317871
5,176956018;4808,697754
5,181141611;4815,084473
5,185376623;4821,483887
5,189615251;4827,920898
5,193795419;4834,336914
5,197974382;4840,773438
5,202203368;4847,223633
5,206414875;4853,680664
5,210613727;4860,249512
5,214856574;4866,820801
5,219075313;4873,280273
5,223267535;4879,73877
5,227504958;4886,158203
5,231768296;4892,54541
5,235935808;4898,910645
5,240101513;4905,419922
5,244331703;4911,975586
5,248564907;4918,48584
5,252753513;4924,884277
5,256969842;4931,260254
5,261201238;4937,728516
5,265398282;4944,243652
5,269618227;4950,791504
5,273866498;4957,27832
5,278059925;4963,782715
5,282244312;4970,199707
5,286485351;4976,654785
5,290685408;4983,116699
5,294867384;4989,669922
5,299112039;4996,182617
5,303359105;5002,654785
5,307545903;5009,061523
5,311786339;5015,556641
5,31601653;5022,089355
5,320193082;5028,615723
5,324377469;5035,129883
5,328608865;5041,616699
5,332820976;5048,157227
5,337007774;5054,67041
5,341242183;5061,241211
5,34546695;5067,795898
5,34965435;5074,417969
5,35388213;5081,003906
5,35813703;5087,615234
5,362301529;5094,243652
5,366478082;5100,91748
5,370720326;5107,549316
5,374951722;5114,146484
5,379140328;5120,761719
5,383371724;5127,298828
5,387598298;5133,916016
5,39179715;5140,530762
5,396049037;5147,135742
5,400288268;5153,697754
5,404460601;5160,229004
5,408631127;5166,737793
5,412876385;5173,339355
5,417085482;5179,945801
5,421275293;5186,584961
5,425507291;5193,270508
5,429739893;5199,877441
5,433914637;5206,451172
5,438155676;5213,067871
5,442390085;5219,733887
5,446574473;5226,50293
5,450759462;5233,258301
5,454983024;5239,966797
5,459195134;5246,61377
5,46339278;5253,24707
5,46763864;5259,913574
5,47185738;5266,604004
5,476047794;5273,289551
5,480282806;5279,994141
5,484545541;5286,724121
5,488721491;5293,282227
5,492890209;5299,898926
5,497119797;5306,57666
5,501345166;5313,296875
5,50552654;5319,952637
5,509751306;5326,536621
5,51398451;5333,209473
5,518179746;5339,991699
5,522410539;5346,72168
5,526643743;5353,373047
5,53082572;5360,13916
5,535010709;5366,828613
5,539266213;5373,547852
5,543472296;5380,250488
5,547653067;5386,958496
5,551885669;5393,783203
5,556126105;5400,568359
5,560321943;5407,194336
5,56456479;5413,875488
5,568802815;5420,573242
5,572980573;5427,248047
5,577158331;5433,902832
5,581392137;5440,449219
5,585610877;5447,124023
5,589797675;5453,85791
5,594035098;5460,478027
5,598244797;5467,055664
5,602429787;5473,713867
5,606666607;5480,37207
5,610923316;5487,081055
5,615097458;5493,842285
5,619264367;5500,654297
5,623499379;5507,47168
5,627727762;5514,150391
5,63191697;5520,913086
5,636151982;5527,736816
5,640383379;5534,543457
5,644577409;5541,324707
5,648825077;5548,043457
5,653068526;5554,751465
5,657235436;5561,507324
5,661412591;5568,274902
5,665654835;5574,982422
5,669854892;5581,69043
5,674048319;5588,273438
5,678291166;5594,905762
5,682523165;5601,750977
5,686703333;5608,57959
5,690932319;5615,338379
5,695169139;5622,127441
5,699355937;5628,818848
5,703534297;5635,521973
5,707766898;5642,353027
5,711980214;5649,217285
5,716172436;5656,10791
5,72042131;5662,945313
5,724645474;5669,572266
5,728835888;5676,231445
5,7330709;5683,01709
5,737328211;5689,779297
5,741503558;5696,519043
5,745666851;5703,221191
5,749908493;5709,916016
5,754134465;5716,658203
5,758315236;5723,407227
5,762538797;5730,119629
5,766771398;5736,91748
5,770966634;5743,759277
5,775196825;5750,60498
5,779428221;5757,416016
5,783608389;5764,267578
5,787787955;5771,155273
5,792033815;5778,026855
5,796242309;5784,935059
5,800428505;5791,858398
5,804668941;5798,850586
5,808902145;5805,782715
5,813091956;5812,680664
5,817337816;5819,524414
5,821580663;5826,456543
5,82576505;5833,430664
5,829939192;5840,363281
5,83415974;5847,234375
5,83838993;5854,041504
5,842585769;5860,917969
5,846822589;5867,848633
5,85103711;5874,780762
5,855212457;5881,685059
5,859445661;5888,630859
5,863712012;5895,539551
5,867882538;5902,447754
5,872046434;5909,399902
5,876269392;5916,41748
5,880506815;5923,430176
5,884697229;5930,341309
5,888931638;5937,186523
5,89316424;5944,123535
5,897359475;5951,078125
5,901601719;5958,036133
5,905837937;5964,961426
5,910011476;5971,794922
5,914194055;5978,693359
5,918440518;5985,581543
5,922640575;5992,495117
5,926822551;5999,448242
5,93107022;6006,384766
5,935302218;6013,298828
5,939482989;6020,210449
5,943716796;6027,11084
5,947955424;6033,998047
5,95213499;6040,960449
5,956317569;6047,90918
5,960551979;6054,777344
5,964764089;6061,699219
5,968954503;6068,615234
5,973200966;6075,52002
5,977422719;6082,334473
5,981616749;6089,184082
5,985849953;6096,088379
5,990093403;6103,037598
5,994263325;6109,953613
5,998442289;6116,754883
6,002686341;6123,604004
6,006911107;6130,407227
6,01109007;6137,260742
6,015323275;6144,168945
6,019548041;6151,157715
6,023738455;6158,109375
6,027977083;6164,947754
6,032217519;6171,808594
6,036390456;6178,760254
6,040571829;6185,80127
6,044820703;6192,847656
6,049037032;6199,870605
6,053222625;6206,826172
6,057457034;6213,760742
6,061694457;6220,722656
6,065881858;6227,671875
6,070126512;6234,682617
6,074370565;6241,634277
6,078550733;6248,566895
6,082725477;6255,435059
6,086946628;6262,342773
6,091158738;6269,262695
6,09534855;6276,220703
6,099599231;6283,1875
6,103817971;6290,075684
6,107997537;6297,013184
6,112221098;6303,919922
6,116479614;6310,884277
6,12065918;6317,845703
6,124829103;6324,852539
6,129067731;6331,894531
6,13329069;6338,933105
6,137476885;6345,880859
6,14170346;6352,822754
6,145941485;6359,812012
6,150139734;6366,803223
6,154384389;6373,84668
6,158620606;6380,810547
6,162794145;6387,748535
6,166979135;6394,65918
6,171224995;6401,570313
6,175422641;6408,465332
6,179610042;6415,422363
6,183844451;6422,386719
6,188081272;6429,345703
6,192271083;6436,282227
6,196501876;6443,214355
6,200736286;6450,197754
6,204915851;6457,178711
6,209097225;6464,184082
6,213329224;6471,105957
6,217545553;6478,064453
6,221740788;6485,085938
6,225978814;6492,10498
6,230192129;6499,067383
6,234393994;6506,012207
6,238642265;6512,963867
6,24289596;6519,949219
6,24704479;6526,954102
6,251211096;6533,912598
6,255446711;6540,931641
6,259681723;6547,917969
6,263867316;6554,859863
6,268092685;6561,845215
6,272327697;6568,899902
6,27652233;6575,969727
6,280760958;6582,964355
6,285000189;6589,920898
6,289177344;6596,905762
6,293361128;6604,022461
6,297608194;6611,129395
6,301802827;6618,254883
6,305997459;6625,350586
6,310239704;6632,414551
6,314477729;6639,524414
6,318668143;6646,640137
6,32290436;6653,749023
6,327143591;6660,873047
6,331336416;6667,911133
6,33551116;6674,882813
6,339735927;6681,857422
6,343949242;6688,878418
6,348129411;6695,918945
6,352378887;6702,938477
6,356595819;6709,869629
6,360780206;6716,844727
6,365006178;6723,928223
6,369259873;6730,989258
6,373426783;6738,071289
6,37760213;6745,139648
6,381843771;6752,236816
6,386073359;6759,316406
6,390255938;6766,422363
6,394480705;6773,486328
6,398724155;6780,619629
6,402925417;6787,692383
6,407175496;6794,762207
6,411405686;6801,86084
6,415566569;6808,969238
6,41975397;6816,049316
6,424005857;6823,080566
6,428210132;6830,105957
6,432399944;6837,121582
6,436632545;6844,160156
6,440862736;6851,180664
6,445049533;6858,228516
6,449282738;6865,157227
6,45352016;6872,13623
6,457701534;6879,197266
6,461875676;6886,224121
6,46610888;6893,243164
6,470322798;6900,200684
6,474526471;6907,184082
6,478766907;6914,257324
6,482984442;6921,276367
6,487169432;6928,254395
6,49140806;6935,317383
6,495672603;6942,339844
6,499846745;6949,243652
6,504010641;6956,161621
6,508242037;6963,129395
6,512468611;6970,129883
6,516660231;6977,088867
6,520880176;6983,996094
6,525107956;6991,022461
6,529287522;6998,091309
6,533520123;7005,132813
6,537774421;7012,043945
6,541948562;7018,986328
6,546131744;7026,034668
6,550373386;7033,110352
6,554583688;7040,154785
6,558777115;7047,128418
6,563025386;7054,105469
6,567264617;7060,941406
6,571449607;7067,806152
6,575687632;7074,743164
6,579927466;7081,76123
6,584109442;7088,755371
6,588289611;7095,634277
6,592517391;7102,527344
6,596723474;7109,466797
6,600913888;7116,495605
6,605161557;7123,46582
6,609380899;7130,462402
6,613560465;7137,475098
6,617794874;7144,445313
6,622047967;7151,459473
6,626213068;7158,486816
6,630386607;7165,589355
6,634626441;7172,583496
6,638853015;7179,540039
6,643041019;7186,515625
6,647265785;7193,536133
6,651500797;7200,563965
6,655701457;7207,532715
6,659950933;7214,497559
6,664192574;7221,441406
6,668357676;7228,405762
6,672535434;7235,343262
6,676784307;7242,321777
6,680989788;7249,316895
6,685184421;7256,277832
6,689419433;7263,264648
6,69364661;7270,253418
6,697818944;7277,265137
6,702065407;7284,192383
6,706301022;7291,181641
6,71048119;7298,212402
6,714663167;7305,255859
6,718889138;7312,276855
6,723097633;7319,240234
6,727293471;7326,251953
6,731542344;7333,255371
6,735762892;7340,264648
6,739952704;7347,318359
6,7441841;7354,431152
6,748443219;7361,474609
6,75261736;7368,391602
6,756786681;7375,284668
6,761017474;7382,292969
6,76524887;7389,472168
6,76943386;7396,584961
6,773666461;7403,608887
6,777903281;7410,642578
6,782097914;7417,678711
6,786322681;7424,711426
6,790554679;7431,778809
6,794745093;7438,92334
6,798926467;7446,092285
6,803175341;7453,182617
6,80738263;7460,20752
6,811557977;7467,263184
6,815795399;7474,369141
6,820035836;7481,510742
6,824232276;7488,55127
6,828462467;7495,644531
6,832698082;7502,724121
6,836876442;7509,783203
6,841057213;7516,777832
6,845287404;7523,756836
6,849513979;7530,65332
6,853700776;7537,630859
6,857938802;7544,600586
6,862144283;7551,538574
6,866335299;7558,441406
6,870572722;7565,351074
6,874834855;7572,294922
6,878994532;7579,263672
6,883161442;7586,286133
6,887402481;7593,296875
6,891635685;7600,312988
6,895829112;7607,244629
6,900059905;7614,225098
6,904290699;7621,227539
6,90848955;7628,239258
6,912729384;7635,185547
6,91696982;7642,033203
6,921140948;7648,924805
6,92532413;7655,86377
6,929564566;7662,802246
6,933767034;7669,754883
6,937957448;7676,663086
6,942193665;7683,584961
6,946426869;7690,55127
6,950610051;7697,574707
6,954832407;7704,624512
6,959071035;7711,68457
6,963263257;7718,741699
6,967444631;7725,75293
6,971671205;7732,819336
6,975879699;7739,86377
6,980074935;7746,958496
6,984325014;7754,027344
6,988548575;7760,984375
6,992734168;7767,938477
6,996963756;7774,94043
7,001223477;7781,979492
7,005399427;7788,958008
7,009562118;7795,879395
7,013796527;7802,801758
7,018028526;7809,787109
7,022216529;7816,736816
7,026434064;7823,633789
7,030668473;7830,569824
7,034875159;7837,510742
7,039105953;7844,520508
7,043337951;7851,495605
7,047520531;7858,439941
7,051691659;7865,443848
7,055943546;7872,416992
7,060157464;7879,394531
7,064346673;7886,424805
7,068588314;7893,5
7,072819108;7900,546387
7,07701133;7907,498535
7,081260203;7914,335449
7,085494613;7921,248047
7,089675384;7928,248047
7,093842293;7935,17041
7,098062239;7942,040039
7,102290621;7948,88623
7,106486459;7955,742188
7,110721471;7962,587402
7,114930568;7969,426758
7,119114955;7976,36084
7,123345749;7983,27832
7,127609087;7990,17334
7,131780215;7997,042969
7,135950741;8003,954102
7,140188163;8010,875
7,144408711;8017,766602
7,148603344;8024,553711
7,15283474;8031,393555
7,157075176;8038,251953
7,161271014;8045,141602
7,165512656;8052,016602
7,169743449;8058,828613
7,173916988;8065,625977
7,178101978;8072,508301
7,18234603;8079,422363
7,186550306;8086,304199
7,190730474;8093,230957
7,194972718;8100,129395
7,199208936;8107,042969
7,203390912;8113,924805
7,207618692;8120,785156
7,211851896;8127,718262
7,216032667;8134,646973
7,220220068;8141,490234
7,22445508;8148,340332
7,228670806;8155,250488
7,232859412;8162,20752
7,237099246;8169,120117
7,241328231;8175,930176
7,245523466;8182,704102
7,249761492;8189,555664
7,254018803;8196,31543
7,258179083;8202,996094
7,262352622;8209,663086
7,266590648;8216,322266
7,270827468;8222,989258
7,275007033;8229,586914
7,279217336;8236,164063
7,283447526;8242,80957
7,287641556;8249,418945
7,29188139;8255,985352
7,296106156;8262,635742
7,300285722;8269,40918
7,304474328;8276,186523
7,308711751;8282,830078
7,312925067;8289,433594
7,317120905;8296,006836
7,321361944;8302,65625
7,325606598;8309,279297
7,329783754;8315,921875
7,334029614;8322,501953
7,338279693;8328,989258
7,342454437;8335,439453
7,346628579;8341,916016
7,350858769;8348,464844
7,355076304;8355,023438
7,359260691;8361,574219
7,363507757;8368,02832
7,36772288;8374,509766
7,371901241;8381,06543
7,376130226;8387,578125
7,380385729;8394,086914
7,3845665;8400,525391
7,388741245;8406,941406
7,392973243;8413,428711
7,397196805;8419,866211
7,401375768;8426,287109
7,405613793;8432,688477
7,409853024;8439,077148
7,414048862;8445,40332
7,418295325;8451,81543
7,422521297;8458,199219
7,426689412;8464,582031
7,430878018;8470,869141
7,43513111;8477,075195
7,439333578;8483,28418
7,443518568;8489,480469
7,44774695;8495,673828
7,451991605;8501,867188
7,456173582;8507,975586
7,460402567;8514,089844
7,464640592;8520,249023
7,468820158;8526,444336
7,473004545;8532,617188
7,477237749;8538,75
7,481452873;8544,84375
7,485639068;8551,024414
7,489885531;8557,170898
7,494103066;8563,21582
7,498292274;8569,260742
7,502539943;8575,241211
7,506801472;8581,235352
7,510973203;8587,140625
7,515129265;8593,06543
7,519361866;8598,985352
7,5236017;8604,912109
7,527788497;8610,731445
7,532011456;8616,601563
7,536238031;8622,533203
7,54042965;8628,448242
7,544656827;8634,294922
7,548897263;8640,085938
7,553081651;8645,936523
7,557263024;8651,804688
7,561502858;8657,646484
7,565706531;8663,395508
7,569900561;8669,164063
7,574143408;8674,962891
7,578376612;8680,733398
7,582566423;8686,46875
7,586797216;8692,237305
7,591042474;8697,996094
7,595237107;8703,644531
7,599414262;8709,272461
7,603636617;8714,874023
7,60784933;8720,530273
7,612036128;8726,12793
7,616279578;8731,648438
7,620503742;8737,107422
7,624684513;8742,641602
7,628912293;8748,201172
7,633171412;8753,702148
7,63734013;8759,232422
7,641512463;8764,71582
7,645751694;8770,244141
7,649980077;8775,720703
7,654167477;8781,212891
7,658391641;8786,632813
7,662625448;8792,03418
7,666824902;8797,335938
7,671079802;8802,560547
7,675311801;8807,791992
7,679472684;8812,931641
7,683654058;8818,042969
7,687908355;8823,039063
7,692112631;8828,098633
7,696295813;8833,124023
7,70053866;8838,101563
7,704765234;8843,089844
7,708949019;8848,064453
7,713191263;8853
7,717426878;8857,889648
7,721602827;8862,806641
7,725784804;8867,664063
7,7300162;8872,469727
7,734237953;8877,163086
7,73842897;8881,860352
7,742672419;8886,613281
7,746894172;8891,219727
7,75107856;8895,746094
7,755313572;8900,158203
7,759573896;8904,541992
7,7637396;8908,885742
7,767902291;8913,254883
7,772137906;8917,583008
7,776357851;8921,896484
7,7805561;8926,03418
7,784787496;8930,021484
7,789023111;8934,101563
7,793217743;8938,232422
7,797438291;8942,347656
7,801665468;8946,426758
7,805865525;8950,452148
7,810057747;8954,475586
7,814296375;8958,519531
7,818501254;8962,513672
7,822682627;8966,609375
7,826934514;8970,748047
7,831180977;8974,820313
7,835360543;8978,84375
7,839590734;8982,900391
7,843828157;8986,953125
7,848011941;8990,991211
7,852189096;8994,929688
7,856424108;8998,898438
7,860632603;9002,894531
7,864818195;9006,845703
7,869058631;9010,717773
7,87327496;9014,570313
7,877461758;9018,395508
7,881701592;9022,318359
7,885955889;9026,214844
7,890122799;9030,030273
7,894288503;9033,87207
7,898525323;9037,624023
7,902763349;9041,360352
7,906946531;9045,105469
7,911174913;9048,882813
7,91539968;9052,59082
7,919605763;9056,258789
7,923858253;9059,817383
7,928091457;9063,354492
7,932264996;9066,99707
7,936444562;9070,597656
7,940689217;9074,196289
7,944897711;9077,704102
7,949080893;9081,198242
7,953330369;9084,729492
7,957556341;9088,302734
7,961728675;9091,867188
7,96596429;9095,395508
7,970211355;9098,919922
7,974392126;9102,367188
7,978568679;9105,865234
7,982792843;9109,335938
7,987006761;9112,852539
7,991203202;9116,326172
7,995452678;9119,75
7,99967202;9123,163086
8,003859421;9126,583984
8,008093228;9129,992188
8,01235536;9133,327148
8,016532515;9136,658203
8,020701233;9139,914063
8,024925999;9143,22168
8,029159806;9146,47168
8,033333948;9149,647461
8,03756896;9152,722656
8,041799151;9155,821289
8,045977511;9158,930664
8,050213126;9162,020508
8,054443316;9165,069336
8,058631922;9168,126953
8,062831979;9171,143555
8,067079045;9174,142578
8,07128091;9177,135742
8,075459873;9180,183594
8,079696693;9183,275391
8,083949785;9186,285156
8,088146226;9189,241211
8,092387265;9192,155273
8,096622277;9195,164063
8,100797021;9198,097656
8,104972368;9201,013672
8,109200751;9203,879883
8,113420093;9206,835938
8,117598454;9209,797852
8,121841301;9212,753906
8,126051603;9215,666992
8,130239004;9218,609375
8,134472208;9221,541016
8,138732532;9224,411133
8,14290366;9227,325195
8,14707057;9230,263672
8,151299555;9233,194336
8,155537581;9235,960938
8,159728597;9238,720703
8,163956377;9241,461914
8,168187773;9244,248047
8,172389638;9246,911133
8,176637306;9249,607422
8,180883167;9252,25
8,185043447;9254,904297
8,189230245;9257,576172
8,193473694;9260,226563
8,19767134;9262,90332
8,201860549;9265,509766
8,206105806;9268,155273
8,210334189;9270,80957
8,214518576;9273,551758
8,218742137;9276,245117
8,222983176;9278,96582
8,227172988;9281,698242
8,231356169;9284,443359
8,235583949;9287,21875
8,239790636;9289,981445
8,243970804;9292,78125
8,248220883;9295,515625
8,252457101;9298,194336
8,256646309;9300,832031
8,260875897;9303,523438
8,265126579;9306,224609
8,269305542;9308,819336
8,273479081;9311,331055
8,277714093;9313,791992
8,281938257;9316,291992
8,286117823;9318,749023
8,290354643;9321,200195
8,294593271;9323,651367
8,298786698;9326,142578
8,303011465;9328,577148
8,307248285;9330,978516
8,311426043;9333,444336
8,315599582;9335,957031
8,319852674;9338,509766
8,324064784;9341,015625
8,328243145;9343,551758
8,33248117;9346,060547
8,336719798;9348,591797
8,340917444;9351,063477
8,345159086;9353,515625
8,349392893;9356,06543
8,353573061;9358,573242
8,357742381;9361,026367
8,361971969;9363,420898
8,366188298;9365,819336
8,370386547;9368,210938
8,374625778;9370,674805
8,378840299;9373,129883
8,383017454;9375,583984
8,38725548;9378,037109
8,391515804;9380,378906
8,395687535;9382,728516
8,399853842;9385,118164
8,40408343;9387,53418
8,408318442;9389,910156
8,412511869;9392,230469
8,416741457;9394,498047
8,420973456;9396,794922
8,425170499;9399,076172
8,429415757;9401,348633
8,43365318;9403,632813
8,437830938;9405,865234
8,442021352;9408,069336
8,446256364;9410,327148
8,450455215;9412,625977
8,454635383;9414,950195
8,458883654;9417,265625
8,463124091;9419,524414
8,467301848;9421,862305
8,471524807;9424,283203
8,475757408;9426,685547
8,479939987;9429,123047
8,484128593;9431,547852
8,488363605;9433,946289
8,49257451;9436,391602
8,496760706;9438,867188
8,501004758;9441,369141
8,505232538;9443,759766
8,509427773;9446,061523
8,513653745;9448,344727
8,517899003;9450,698242
8,522073144;9453,025391
8,526253313;9455,301758
8,530494352;9457,480469
8,534723337;9459,583008
8,538901095;9461,667969
8,54313008;9463,701172
8,547364489;9465,850586
8,551557917;9467,995117
8,555796545;9470,094727
8,560026133;9472,160156
8,56421052;9474,285156
8,568392497;9476,473633
8,572630522;9478,688477
8,576846851;9480,944336
8,581040278;9483,241211
8,585277701;9485,584961
8,589512111;9487,991211
8,593691676;9490,292969
8,597926086;9492,520508
8,602173151;9494,710938
8,606359949;9496,967773
8,610533488;9499,209961
8,614753433;9501,444336
8,618967954;9503,624023
8,623162587;9505,671875
8,627404229;9507,733398
8,631624776;9509,725586
8,635803137;9511,863281
8,640033328;9513,981445
8,644291241;9516,119141
8,648463575;9518,196289
8,652638319;9520,219727
8,65687755;9522,295898
8,661094482;9524,379883
8,665285499;9526,478516
8,669519908;9528,530273
8,673758536;9530,557617
8,677957388;9532,572266
8,682198426;9534,682617
8,68642922;9536,743164
8,69060758;9538,681641
8,694797391;9540,714844
8,699037225;9542,732422
8,703239692;9544,829102
8,707425285;9546,952148
8,711654873;9549,030273
8,715886872;9551,152344
8,720082107;9553,250977
8,724316516;9555,368164
8,728546104;9557,552734
8,732716027;9559,804688
8,736903428;9561,983398
8,741145069;9564,104492
8,745363207;9566,182617
8,749545786;9568,30957
8,753789235;9570,477539
8,75800677;9572,568359
8,762208032;9574,633789
8,766450879;9576,654297
8,770696739;9578,693359
8,774862443;9580,667969
8,779029353;9582,723633
8,783269186;9584,777344
8,787508417;9586,757813
8,791689188;9588,660156
8,795898285;9590,625
8,800131489;9592,674805
8,804327327;9594,707031
8,808568969;9596,743164
8,812807597;9598,623047
8,816987163;9600,643555
8,821163112;9602,623047
8,825413191;9604,675781
8,829615659;9606,725586
8,833806073;9608,831055
8,838054946;9610,860352
8,842289356;9612,866211
8,846476756;9614,948242
8,850719001;9617,00293
8,85496245;9619,110352
8,859149248;9621,133789
8,863317363;9623,086914
8,867548759;9624,986328
8,871755445;9626,958984
8,875944654;9628,911133
8,880186898;9630,837891
8,88441287;9632,714844
8,888593038;9634,606445
8,892822024;9636,483398
8,897074513;9638,356445
8,901241423;9640,220703
8,905422194;9642,18457
8,90966022;9644,151367
8,913891013;9646,117188
8,918071181;9648,061523
8,922295948;9649,97168
8,926536987;9651,886719
8,930744878;9653,787109
8,934988931;9655,766602
8,939216711;9657,776367
8,943378799;9659,758789
8,947565597;9661,667969
8,95181206;9663,589844
8,956020554;9665,519531
8,960206749;9667,469727
8,964432721;9669,47168
8,96866713;9671,5
8,972856942;9673,460938
8,97709557;9675,375
8,98133239;9677,358398
8,985505929;9679,342773
8,989682481;9681,332031
8,99391448;9683,330078
8,998141657;9685,25
9,002334482;9687,171875
9,006576726;9689,136719
9,010798479;9691,055664
9,014984072;9692,957031
9,019220892;9694,849609
9,023489654;9696,694336
9,027664398;9698,506836
9,03182287;9700,324219
9,036054266;9702,094727
9,040284457;9703,916992
9,044475474;9705,75
9,048696021;9707,543945
9,052926212;9709,415039
9,057105778;9711,350586
9,061336571;9713,266602
9,065583637;9715,105469
9,069768024;9717,050781
9,073937947;9719,056641
9,078171754;9721,092773
9,082380851;9723,101563
9,086574278;9725,036133
9,090832192;9726,931641
9,095075641;9728,782227
9,09925822;9730,62793
9,103487206;9732,492188
9,107733066;9734,420898
9,11192348;9736,245117
9,116112086;9737,941406
9,120335044;9739,665039
9,124541731;9741,360352
9,128731542;9743,150391
9,132971978;9744,974609
9,13718891;9746,769531
9,141378119;9748,558594
9,145607104;9750,362305
9,149852964;9752,192383
9,154022887;9754,039063
9,158199439;9755,913086
9,16243867;9757,766602
9,166670066;9759,672852
9,170856261;9761,640625
9,175082836;9763,569336
9,179310616;9765,53125
9,183510673;9767,411133
9,187767381;9769,265625
9,191998175;9771,099609
9,196167495;9772,94043
9,200340431;9774,839844
9,204587497;9776,693359
9,208797196;9778,486328
9,212990021;9780,169922
9,217223828;9781,962891
9,221456429;9783,746094
9,225631174;9785,544922
9,229873418;9787,321289
9,234115662;9789,041992
9,238299446;9790,84668
9,242474191;9792,594727
9,246701368;9794,371094
9,25090926;9796,120117
9,255111727;9797,888672
9,259363614;9799,646484
9,263573314;9801,392578
9,267757098;9803,189453
9,271993918;9805,008789
9,276257859;9806,824219
9,280434411;9808,504883
9,284595897;9810,246094
9,28882669;9812,026367
9,293061702;9813,858398
9,297243076;9815,673828
9,301465432;9817,37793
9,305705868;9819,101563
9,309904117;9820,874023
9,314137321;9822,655273
9,318372333;9824,43457
9,322553104;9826,243164
9,32674171;9828,055664
9,330990584;9829,819336
9,335191243;9831,591797
9,339365987;9833,349609
9,343607629;9835,09082
9,347854092;9836,885742
9,352048122;9838,591797
9,356281929;9840,291016
9,360506695;9842,067383
9,364685658;9843,827148
9,368874264;9845,525391
9,373112892;9847,202148
9,377329221;9848,866211
9,381508185;9850,594727
9,385744402;9852,386719
9,389961936;9854,0625
9,39414994;9855,702148
9,398384952;9857,428711
9,402642866;9859,147461
9,406810378;9860,884766
9,410982109;9862,633789
9,415209286;9864,452148
9,419440682;9866,211914
9,423634109;9867,950195
9,427861889;9869,674805
9,432092683;9871,457031
9,436289726;9873,279297
9,440539805;9874,907227
9,444783857;9876,524414
9,448950767;9878,154297
9,453128525;9879,824219
9,457368358;9881,436523
9,461572031;9883,066406
9,465769677;9884,621094
9,470011921;9886,186523
9,474242112;9887,714844
9,478422883;9889,238281
9,482649458;9890,854492
9,486889894;9892,439453
9,49108091;9894,061523
9,495269516;9895,661133
9,499491872;9897,245117
9,503690724;9898,826172
9,507875111;9900,441406
9,512130011;9902,032227
9,516366229;9903,62793
9,520554835;9905,314453
9,524791052;9907,041992
9,529038118;9908,726563
9,533209849;9910,336914
9,537378566;9911,90332
9,541600922;9913,573242
9,545825086;9915,283203
9,550020924;9917,026367
9,55423665;9918,704102
9,558471662;9920,379883
9,562678951;9921,938477
9,566914566;9923,482422
9,571151386;9925,0625
9,575329144;9926,717773
9,579507504;9928,425781
9,583766021;9929,977539
9,587975721;9931,539063
9,592156492;9933,052734
9,596398133;9934,634766
9,60064098;9936,225586
9,604827778;9937,869141
9,609073036;9939,447266
9,613314074;9941,072266
9,617485805;9942,65332
9,621658742;9944,170898
9,625885316;9945,736328
9,630104056;9947,311523
9,634291457;9948,852539
9,638533098;9950,484375
9,64275003;9952,080078
9,646925377;9953,630859
9,65115617;9955,253906
9,655418303;9956,807617
9,659594855;9958,439453
9,663767792;9960,112305
9,667987737;9961,806641
9,672212503;9963,430664
9,676410752;9965,089844
9,68064938;9966,613281
9,684880173;9968,19043
9,689072395;9969,84082
9,693315242;9971,408203
9,697562308;9972,992188
9,701737052;9974,417969
9,70592144;9975,892578
9,710161876;9977,324219
9,71436133;9978,787109
9,718545114;9980,216797
9,722789769;9981,731445
9,727026589;9983,199219
9,731204347;9984,611328
9,73543514;9986,035156
9,739665934;9987,511719
9,743844294;9989,162109
9,748040132;9990,743164
9,752272131;9992,329102
9,75647942;9993,94043
9,760671039;9995,617188
9,764913886;9997,249023
9,76912901;9998,919922
9,773334491;10000,60352
9,777573721;10002,3916
9,781825006;10004,13672
9,785990107;10005,71191
9,79015762;10007,27637
9,794398658;10008,92871
9,798634273;10010,55469
9,802810223;10012,14355
9,80702836;10013,72168
9,811260359;10015,21484
9,815458607;10016,74219
9,819688798;10018,20996
9,823920194;10019,60059
9,828097952;10021,16797
9,832281134;10022,71094
9,836525789;10024,15723
9,840743926;10025,60059
9,844940969;10027,05469
9,849175981;10028,62305
9,853414609;10030,18359
9,857598394;10031,6875
9,861841843;10033,14648
9,866095538;10034,6416
9,870273899;10036,04883
9,874440206;10037,56836
9,878670396;10039,14355
9,882879493;10040,69629
9,887073523;10042,20605
9,891318781;10043,64453
9,895531494;10045,19043
9,89971106;10046,75195
9,903934018;10048,38184
9,908194343;10050,04297
9,912371498;10051,62598
9,91654564;10053,13965
9,920779446;10054,63965
9,925000597;10056,14551
9,929189203;10057,71973
9,933427228;10059,21582
9,93766224;10060,66602
9,941861694;10062,11816
9,946104541;10063,47266
9,950338951;10064,80859
9,954511887;10066,13379
9,958700493;10067,41895
9,962950572;10068,70801
9,967147615;10070,04492
9,97132477;10071,29199
9,975566412;10072,54492
9,979808053;10073,80469
9,983993043;10075,10645
9,988220823;10076,5332
9,992449808;10078,04199
9,996625758;10079,63184
10,00081557;10081,1875
10,00504275;10082,68164
10,00925908;10084,17969
10,0134507;10085,81055
10,01769716;10087,57227
10,02191108;10089,21582
10,02611053;10090,77832
10,03034976;10092,22656
10,03459984;10093,64063
10,03877157;10095,04883
10,04293848;10096,52344
10,04716867;10097,97852
10,05141272;10099,37988
10,05560133;10100,67383
10,05982489;10101,8623
10,06405388;10103,21777
10,06824067;10104,56934
10,0724781;10105,91016
10,07672456;10107,19629
10,08090593;10108,53027
10,08508369;10109,85156
10,08931268;10111,21777
10,09351816;10112,53906
10,0977152;10113,88379
10,10195865;10115,30664
10,10618523;10116,76855
10,11037504;10118,16016
10,11460945;10119,55078
10,11885109;10120,96973
10,12304331;10122,33203
10,12722348;10123,74512
10,13144824;10125,20313
10,13565975;10126,75098
10,13985077;10128,23242
10,14409603;10129,62305
10,14832079;10130,89258
10,15250458;10132,26953
10,15672573;10133,70215
10,16097219;10135,08594
10,16514874;10136,43457
10,1693253;10137,72852
10,17356694;10138,99023
10,17779653;10140,24805
10,1819779;10141,53906
10,18620508;10142,79199
10,1904431;10144,0459
10,19464979;10145,26465
10,19889143;10146,46484
10,20312222;10147,71973
10,20729034;10148,96777
10,21147533;10150,1416
10,215723;10151,28711
10,21992848;10152,49609
10,22411708;10153,74121
10,22835029;10155,07422
10,23256782;10156,42871
10,2367504;10157,76855
10,24099807;10159,13184
10,24523609;10160,51953
10,24941867;10161,97559
10,25359161;10163,54492
10,2578224;10165,08594
10,26204114;10166,50586
10,26623457;10167,93945
10,2704726;10169,4043
10,27469857;10170,84082
10,27889079;10172,31055
10,28313364;10173,71582
10,28739577;10175,03906
10,29157112;10176,33691
10,29572718;10177,58301
10,29995315;10178,89551
10,30417671;10180,22754
10,30837134;10181,51953
10,31259852;10182,72266
10,3168269;10183,9668
10,32101912;10185,22559
10,32523907;10186,51367
10,32948192;10187,78125
10,33368499;10189,0625
10,33787118;10190,45996
10,342108;10191,87207
10,34630866;10193,24121
10,35048883;10194,56152
10,3547377;10195,94336
10,35898176;10197,30078
10,36316795;10198,66309
10,36739754;10200,10156
10,37163436;10201,52441
10,37581453;10202,875
10,38000193;10204,1084
10,38423031;10205,33008
10,38844061;10206,64941
10,39262681;10208,02246
10,39687207;10209,30371
10,40109081;10210,5332
10,40528062;10211,70801
10,409509;10212,9209
10,41375908;10214,21289
10,41792237;10215,45996
10,42210134;10216,64844
10,42634659;10217,79785
10,43057859;10218,89844
10,43476599;10220,02148
10,43898714;10221,17871
10,44321794;10222,36426
10,44742101;10223,51758
10,4516735;10224,57715
10,45590911;10225,62402
10,46007481;10226,80664
10,46424896;10228,03516
10,46849542;10229,24512
10,47270331;10230,44727
10,47689553;10231,62891
10,48112874;10232,85352
10,48536315;10234,10254
10,48953367;10235,43555
10,4937729;10236,74707
10,49801696;10238,05762
10,50219712;10239,31152
10,50637729;10240,6377
10,51060447;10242,01563
10,51482321;10243,36523
10,51901302;10244,70215
10,5232631;10245,99023
10,52748304;10247,2373
10,53167647;10248,42773
10,53590968;10249,5957
10,54017301;10250,78125
10,54434716;10251,91309
10,54851648;10252,97461
10,55274727;10254,0498
10,55697445;10255,14453
10,56115341;10256,16406
10,56537697;10257,23145
10,56961017;10258,30957
10,57379516;10259,49316
10,57802837;10260,70703
10,58225916;10261,87793
10,58643451;10263,08691
10,59063155;10264,26758
10,59487681;10265,42676
10,5990847;10266,63184
10,60327451;10267,91504
10,60750772;10269,11621
10,61175539;10270,32617
10,61595846;10271,41992
10,62019045;10272,49414
10,62442607;10273,6084
10,62860383;10274,69629
10,63278038;10275,80566
10,63700997;10276,81641
10,64541852;10278,81836
10,65386685;10280,73438
10,66229107;10282,64258
10,6707177;10284,61426
10,6791142;10286,62305
10,68754926;10288,52734
10,69177403;10289,53418
10,69600241;10290,62793
10,70019825;10291,6709
10,7044423;10292,6875
10,71285568;10294,55469
10,72127508;10296,48438
10,72547574;10297,54688
10,73391321;10299,50391
10,74232056;10301,53613
10,74655376;10302,5459
10,75079541;10303,6123
10,75498281;10304,73535
10,75916659;10305,86621
10,76338774;10306,99805
10,76759684;10308,07324
10,77178906;10309,21777
10,77603914;10310,36914
10,7802615;10311,49023
10,7844501;10312,56543
10,78867848;10313,70801
10,79294062;10314,82813
10,80129734;10316,80859
10,80553054;10317,8916
10,80975169;10318,98438
10,81393548;10320,04785
10,81815783;10321,0957
10,82239465;10322,11523
10,82659652;10323,12598
10,83082369;10324,20898
10,8350569;10325,32031
10,83922863;10326,50879
10,84341362;10327,60938
10,84765647;10328,63965
10,85185954;10329,66406
10,85604935;10330,73242
10,86028376;10331,83398
10,86452299;10332,93457
10,86872967;10334
10,87720693;10335,83887
10,88555883;10337,65723
10,8940168;10339,5166
10,90245066;10341,40625
10,9108327;10343,38184
10,91506711;10344,47656
10,91932803;10345,52441
10,92350097;10346,60352
10,92766908;10347,72168
10,93189867;10348,8584
10,93612585;10349,96484
10,94031807;10351,07422
10,94455369;10352,10742
10,94878569;10353,19434
10,95298273;10354,30371
10,95722196;10355,3252
10,96145637;10356,33984
10,96981912;10358,33105
10,97406799;10359,36816
10,98244159;10361,27051
10,9909321;10363,18848
10,99511106;10364,20703
10,99933824;10365,32031
11,00357024;10366,4375
11,00775644;10367,58594
11,01194866;10368,63086
11,01618427;10369,73926
11,02039096;10370,88477
11,02457354;10372,12305
11,02881759;10373,33789
11,03304477;10374,46094
11,0372394;10375,52344
11,04146778;10376,67871
11,04571425;10377,84668
11,04988598;10379,03906
11,05405771;10380,1748
11,05830297;10381,21484
11,06252894;10382,24707
11,06671031;10383,25684
11,0709411;10384,31055
11,07517431;10385,38281
11,07936412;10386,50684
11,08783414;10388,41895
11,09620171;10390,43262
11,10044938;10391,52246
11,10467053;10392,56055
11,10885673;10393,57227
11,1173159;10395,56055
11,12574736;10397,35352
11,13417519;10399,16895
11,14256928;10400,8916
11,15098024;10402,6875
11,15943942;10404,57129
11,16784194;10406,55664
11,17209443;10407,58496
11,18045236;10409,5791
11,18468436;10410,64258
11,18891274;10411,67383
11,19732852;10413,5459
11,20576359;10415,39355
11,21423241;10417,24023
11,22260962;10418,99121
11,23104831;10420,71387
11,2394665;10422,52734
11,24789554;10424,22852
11,25635833;10426,0498
11,26471988;10427,94922
11,27317182;10429,80273
11,27736163;10430,80957
11,28159845;10431,86133
11,28581599;10432,8916
11,2900058;10433,92773
11,2985168;10435,80566
11,30684098;10437,69727
11,31531462;10439,52441
11,3237063;10441,05664
11,33213293;10442,72168
11,34062103;10444,06348
11,3489874;10445,46094
11,3574297;10446,77441
11,36586477;10448,0957
11,37429501;10449,36816
11,38277709;10450,77637
11,39113502;10452,01172
11,39956406;10453,39844
11,40799672;10454,60449
11,41640045;10455,66602
11,42488011;10456,90332
11,43323081;10457,97656
11,445881;10459,48047
11,45855771;10460,93652
11,47119585;10462,1709
11,48383399;10463,20313
11,49647936;10464,3457
11,50914281;10465,55664
11,51749592;10466,72168
11,52594665;10467,79199
11,53438654;10468,92969
11,54279148;10470,0752
11,55130008;10471,08594
11,56385987;10472,19824
11,57651247;10473,20117
11,59339587;10474,5293
11,61020574;10475,88281
11,62288606;10476,92969
11,63972727;10478,2041
11,65653594;10479,46777
11,677667;10480,68945
11,70712224;10481,5459
11,73240334;10481,50293
11,75768444;10481,53711
11,78716741;10482,34766
11,81664434;10481,7627
11,83771876;10480,6582
11,86717279;10479,78906
11,89249608;10478,62695
11,90513663;10477,51758
11,92197061;10476,21973
11,93462803;10475,125
11,94726014;10473,98633
11,95990551;10472,86816
11,97259307;10471,63672
11,985183;10470,52637
11,99781752;10469,19043
12,01045687;10467,99707
12,0230721;10466,67773
12,03150717;10465,66602
12,03994827;10464,63281
12,04836526;10463,36719
12,05684613;10462,20898
12,06519441;10460,8252
12,07363792;10459,50977
12,08205009;10457,97559
12,09049962;10456,41309
12,09896603;10454,90918
12,10731431;10453,54199
12,11578072;10451,99609
12,12420855;10450,69922
12,13263519;10449,24512
12,14111365;10447,4873
12,14946555;10445,64648
12,15369393;10444,61719
12,15792231;10443,56934
12,1621061;10442,50977
12,16634171;10441,41309
12,17055563;10440,36035
12,174737;10439,33496
12,18322872;10437,35059
12,18740648;10436,34082
12,19580539;10434,47363
12,20422479;10432,52637
12,21268999;10430,52832
12,21689186;10429,50684
12,22112988;10428,39844
12,22537032;10427,22266
12,22954326;10426,06641
12,23372824;10424,89453
12,23796868;10423,75684
12,24216934;10422,6582
12,24635313;10421,49707
12,25059959;10420,2627
12,25483159;10419,05859
12,25901176;10417,88672
12,26324014;10416,76563
12,26747816;10415,69336
12,27166556;10414,62988
12,27585176;10413,50098
12,28008255;10412,34668
12,28429406;10411,16992
12,28848146;10410,03418
12,29272672;10408,88379
12,29694666;10407,64355
12,30115094;10406,36035
12,30538896;10405,12891
12,30964386;10403,88379
12,31380354;10402,47266
12,31797045;10401,07715
12,32221089;10399,6543
12,32644771;10398,37012
12,33062547;10397,05078
12,33483215;10395,70898
12,33904969;10394,33594
12,34324673;10392,92969
12,3474944;10391,45605
12,35173242;10390,01465
12,35591259;10388,6748
12,36009879;10387,27246
12,36433681;10385,82031
12,36855435;10384,11719
12,37275019;10382,45801
12,3769858;10380,92676
12,38122744;10379,49219
12,38541002;10378,0293
12,38965407;10376,51563
12,39390054;10374,96387
12,3980807;10373,43848
12,40225846;10371,93555
12,40648202;10370,45703
12,41068991;10369,03418
12,4148954;10367,50879
12,41913704;10365,90918
12,42334975;10364,3252
12,42753233;10362,7373
12,43175469;10361,16113
12,43601441;10359,53418
12,44018493;10357,83594
12,44435907;10356,24609
12,44859589;10354,68457
12,45281463;10353,07715
12,45700083;10351,46973
12,4612268;10349,82617
12,46547447;10348,1084
12,46967272;10346,48145
12,47391074;10344,82031
12,47814154;10343,12598
12,48231447;10341,41504
12,48651031;10339,60547
12,49075195;10337,78809
12,49495502;10336,06543
12,49914122;10334,39063
12,50337683;10332,70117
12,50761606;10330,9707
12,51180588;10329,23145
12,51603305;10327,54297
12,52025902;10325,94336
12,52444522;10324,29395
12,52863021;10322,64551
12,53286221;10320,97559
12,53707372;10319,22363
12,54126232;10317,50293
12,54550637;10315,77051
12,54973114;10313,94238
12,55392216;10312,00293
12,5581638;10310,18066
12,56242714;10308,36719
12,56659284;10306,54785
12,57074649;10304,62891
12,57497608;10302,71191
12,57922013;10300,79004
12,58340753;10298,79004
12,58762748;10296,83691
12,59186189;10294,98926
12,59604688;10293,13477
12,60028008;10291,16602
12,60452413;10289,06738
12,6087031;10287,05078
12,61288688;10285,13281
12,61712491;10283,13965
12,62132557;10281,09766
12,6255214;10279,05176
12,62976666;10277,01367
12,63399625;10274,99414
12,63818244;10272,96973
12,6424277;10270,88281
12,64666814;10268,85645
12,65086157;10266,81836
12,65504053;10264,73828
12,65925927;10262,70215
12,66347319;10260,70801
12,66766179;10258,73633
12,67190464;10256,63086
12,67613061;10254,52734
12,68031319;10252,58203
12,68454037;10250,66895
12,68878804;10248,64258
12,69295254;10246,51758
12,69713391;10244,4375
12,70136952;10242,39453
12,70560032;10240,40527
12,70978651;10238,34473
12,71401369;10236,27637
12,71825292;10234,17578
12,72245599;10231,97852
12,72670125;10229,84766
12,73092843;10227,8291
12,73509895;10225,80176
12,73928635;10223,71777
12,74353643;10221,56055
12,7477395;10219,40039
12,75192449;10217,32422
12,75616372;10215,32813
12,76038969;10213,2998
12,76457348;10211,24414
12,76881391;10209,14941
12,77305556;10207,08496
12,77723211;10205,08008
12,78140263;10203,01367
12,78563704;10200,93457
12,78985458;10198,82617
12,79405162;10196,73438
12,79829447;10194,63672
12,80251441;10192,47754
12,8066982;10190,19434
12,81093863;10187,93066
12,81520197;10185,62695
12,8193737;10183,3584
12,82353579;10181,14258
12,82775935;10178,8877
12,83198532;10176,61035
12,83618478;10174,19922
12,84040352;10171,83984
12,84463431;10169,64258
12,84883256;10167,56543
12,85305853;10165,3916
12,85729535;10163,11719
12,86149601;10160,84082
12,8656798;10158,59863
12,86991421;10156,41504
12,87411366;10154,2002
12,87829744;10152,06738
12,88254752;10149,90918
12,8867964;10147,65723
12,89098621;10145,43164
12,895217;10143,20508
12,89944659;10141,00098
12,90363037;10138,70215
12,90781657;10136,36328
12,91204495;10134,08594
12,91625766;10131,85547
12,92043904;10129,5332
12,92467586;10127,07227
12,92888737;10124,61426
12,93308803;10122,13184
12,93732002;10119,77344
12,94157251;10117,48535
12,94573219;10115,1377
12,94990272;10112,72559
12,9541528;10110,24805
12,958386;10107,79492
12,96257581;10105,42578
12,96680058;10103,16602
12,97102896;10100,81445
12,97523565;10098,49219
12,97948452;10096,08398
12,98371893;10093,67578
12,98788222;10091,31836
12,9920636;10089,03809
12,99631247;10086,72168
13,00052157;10084,34766
13,00471258;10081,9668
13,00894699;10079,67871
13,01317417;10077,41797
13,01735193;10075,05859
13,02158513;10072,68164
13,02583039;10070,27051
13,03001417;10068,01172
13,03419073;10065,70508
13,03841549;10063,28809
13,04261736;10060,82324
13,04682163;10058,33887
13,05107412;10055,75781
13,05529527;10053,25781
13,05948267;10050,76953
13,06371588;10048,25391
13,06797801;10045,70703
13,07215818;10042,97363
13,07632388;10040,32422
13,08054624;10037,83008
13,0847698;10035,33691
13,0889572;10032,75293
13,09319041;10030,04785
13,09741999;10027,38184
13,10160137;10024,85449
13,10583939;10022,37695
13,11007139;10019,8584
13,11425397;10017,36328
13,1184486;10014,80371
13,1227035;10012,32227
13,12690898;10009,91504
13,13109036;10007,56641
13,13531633;10005,27441
13,139564;10002,85645
13,14376466;10000,34668
13,14800027;9997,833008
13,15224191;9995,348633
13,15641244;9992,819336
13,16059381;9990,236328
13,16482943;9987,53125
13,16904576;9984,891602
13,17322713;9982,243164
13,17746516;9979,524414
13,18167305;9976,773438
13,18586165;9973,986328
13,19010209;9971,30957
13,19435699;9968,699219
13,19852631;9966,164063
13,20269081;9963,587891
13,20692884;9960,985352
13,21116445;9958,239258
13,2153627;9955,567383
13,21958747;9953,069336
13,22381585;9950,589844
13,22801169;9948,114258
13,23226297;9945,462891
13,23650702;9942,786133
13,24067996;9940,142578
13,24485651;9937,600586
13,24909454;9935,050781
13,2532964;9932,415039
13,25749103;9929,741211
13,26172544;9927,070313
13,26596226;9924,527344
13,27013761;9921,945313
13,2743684;9919,360352
13,27860764;9916,732422
13,2827866;9914,073242
13,286974;9911,393555
13,29120359;9908,800781
13,29541027;9906,238281
13,29959647;9903,599609
13,30384414;9900,822266
13,30807855;9897,931641
13,31226715;9895,193359
13,31649674;9892,554688
13,32075646;9889,831055
13,32493422;9886,99707
13,32911077;9884,139648
13,33333795;9881,339844
13,33756513;9878,623047
13,34174771;9875,916992
13,34597247;9873,226563
13,3502117;9870,586914
13,35441236;9867,875
13,35863833;9865,158203
13,36286551;9862,418945
13,36703845;9859,741211
13,37121862;9857,138672
13,37547111;9854,388672
13,37968141;9851,666992
13,38386158;9849,024414
13,38809358;9846,321289
13,39232678;9843,481445
13,39652864;9840,595703
13,40078234;9837,681641
13,40502157;9835,022461
13,40919812;9832,311523
13,41337106;9829,360352
13,417591;9826,332031
13,4218218;9823,320313
13,42602125;9820,431641
13,43025687;9817,688477
13,43446837;9814,964844
13,43864493;9812,100586
13,44288416;9809,104492
13,44714026;9806,052734
13,4513132;9803,138672
13,45548011;9800,511719
13,45971452;9797,912109
13,46393929;9795,165039
13,46813392;9792,200195
13,47237074;9789,201172
13,47659792;9786,354492
13,48079857;9783,695313
13,48503539;9781,010742
13,48927221;9778,161133
13,49344756;9775,225586
13,49763496;9772,199219
13,5018754;9769,226563
13,50607365;9766,319336
13,51025623;9763,37793
13,51450148;9760,375
13,51873589;9757,339844
13,52291486;9754,325195
13,52715168;9751,40625
13,53138126;9748,467773
13,53556384;9745,5
13,53975124;9742,472656
13,54398806;9739,487305
13,54819113;9736,545898
13,55238697;9733,615234
13,55663223;9730,637695
13,5608582;9727,53418
13,56505404;9724,381836
13,56928122;9721,329102
13,57352527;9718,436523
13,57769821;9715,370117
13,58187476;9712,21582
13,58612243;9709,025391
13,5903496;9705,990234
13,59452977;9703,099609
13,59875333;9700,253906
13,60298172;9697,34082
13,60718358;9694,286133
13,61142161;9691,212891
13,61564758;9688,109375
13,61982172;9685,3125
13,62401153;9682,560547
13,62825558;9679,634766
13,63246709;9676,408203
13,63665811;9673,137695
13,64089975;9670,051758
13,64512934;9667,040039
13,64931553;9664,072266
13,65355356;9660,954102
13,65779882;9657,753906
13,66197657;9654,473633
13,66615313;9651,229492
13,6703791;9648,128906
13,67459061;9645,09082
13,67879006;9641,952148
13,68303411;9638,613281
13,68724803;9635,407227
13,69142579;9632,282227
13,69565538;9629,211914
13,6999163;9626,133789
13,70409286;9622,954102
13,7082682;9619,797852
13,71250141;9616,618164
13,71671774;9613,486328
13,72090393;9610,404297
13,72514196;9607,348633
13,72938119;9604,285156
13,73357461;9601,19043
13,73781626;9597,988281
13,74204825;9594,69043
13,74622119;9591,40625
13,75041221;9588,186523
13,75465867;9585,042969
13,75886536;9581,893555
13,76304311;9578,618164
13,76727391;9575,189453
13,77151434;9571,694336
13,77570054;9568,286133
13,77993374;9565,101563
13,78416936;9561,999023
13,78834471;9558,816406
13,79252849;9555,378906
13,79676893;9551,865234
13,80098525;9548,466797
13,80516904;9545,30957
13,80941309;9542,207031
13,81362822;9538,958008
13,81782887;9535,507813
13,82207895;9531,992188
13,82633024;9528,592773
13,83047666;9525,157227
13,83464236;9521,719727
13,838884;9518,217773
13,84312444;9514,677734
13,84731304;9511,046875
13,85152696;9507,576172
13,85575535;9504,115234
13,85995601;9500,529297
13,86419041;9496,712891
13,86843447;9492,836914
13,87261464;9489,391602
13,87678998;9486,19043
13,88103765;9482,87793
13,88524313;9479,183594
13,88942933;9475,319336
13,89367458;9471,429688
13,89790779;9467,849609
13,90210122;9464,581055
13,90634045;9461,412109
13,9105845;9458,051758
13,91478154;9454,210938
13,91894845;9450,160156
13,9231684;9446,305664
13,92738111;9442,731445
13,93156489;9439,198242
13,93581377;9435,585938
13,94003853;9431,738281
13,9442175;9427,799805
13,94844106;9423,841797
13,95269234;9419,855469
13,95686166;9415,861328
13,96103581;9411,977539
13,96528227;9408,130859
13,96950824;9404,214844
13,97369444;9400,234375
13,97791438;9396,051758
13,98214879;9391,829102
13,98636271;9387,607422
13,99061038;9383,257813
13,99483514;9378,854492
13,99900085;9374,50293
14,00318945;9370,085938
14,00743592;9365,478516
14,0116426;9360,791016
14,01582518;9355,818359
14,02006441;9350,429688
14,02429521;9344,560547
14,02847537;9337,978516
14,03272184;9329,422852
14,03695625;9316,049805
